id;bdate;day;month;year;age;friends_count;friends_ages;avg_age;median_age;std_age;mode_age;s_range;iqr;var;child_count;young_count;middle_count;mature_count;old_count
202442155;8.1.2001;8;1;2001;24;78.0;34.0;25.41176470588235;23.5;6.593747693877818;23.0;36.0;2.5;43.47750865051904;0.0;0.9411764705882353;0.029411764705882353;0.029411764705882353;0.0
91096347;10.4.1998;10;4;1998;27;94.0;41.0;29.75609756097561;27.0;6.249997025579304;27.0;27.0;8.0;39.062462819750145;0.0;0.8292682926829268;0.17073170731707318;0.0;0.0
96343887;10.8.2000;10;8;2000;25;336.0;131.0;31.00763358778626;27.0;9.004236647612062;25.0;50.0;11.5;81.07627760620011;0.0;0.7251908396946565;0.25190839694656486;0.015267175572519083;0.015267175572519083
127953754;20.5.1999;20;5;1999;26;148.0;64.0;34.390625;31.5;9.436659213374986;26.0;48.0;15.0;89.050537109375;0.0;0.609375;0.359375;0.015625;0.015625
224406581;5.5.2001;5;5;2001;24;185.0;74.0;27.18918918918919;25.0;6.25078519538162;24.0;40.0;4.0;39.07231555880204;0.013513513513513514;0.918918918918919;0.06756756756756757;0.0;0.0
137511204;6.5.1998;6;5;1998;27;129.0;42.0;32.333333333333336;29.0;9.794718369432983;27.0;44.0;7.0;95.93650793650792;0.023809523809523808;0.7619047619047619;0.16666666666666666;0.047619047619047616;0.0
250973124;8.6.2001;8;6;2001;24;225.0;90.0;30.477777777777778;27.0;8.448836577078103;24.0;40.0;11.0;71.38283950617284;0.0;0.7777777777777778;0.2111111111111111;0.011111111111111112;0.0
140716441;26.7.2000;26;7;2000;25;258.0;87.0;27.45977011494253;25.0;6.83937988333242;25.0;46.0;4.0;46.77711718853218;0.011494252873563218;0.8735632183908046;0.10344827586206896;0.011494252873563218;0.0
394476555;19.2.1998;19;2;1998;27;185.0;94.0;32.96808510638298;31.5;10.363040020227752;27.0;45.0;12.0;107.39259846084201;0.031914893617021274;0.6170212765957447;0.32978723404255317;0.02127659574468085;0.0
194374211;30.12.1997;30;12;1997;28;165.0;77.0;33.45454545454545;30.0;9.19845477501161;28.0;43.0;11.0;84.61157024793388;0.0;0.7142857142857143;0.2597402597402597;0.025974025974025976;0.0
29814017;1.2.1997;1;2;1997;28;87.0;34.0;37.0;31.0;12.508820417421225;28.0;56.0;14.75;156.47058823529412;0.029411764705882353;0.5588235294117647;0.3235294117647059;0.029411764705882353;0.058823529411764705
144722036;31.8.2002;31;8;2002;23;303.0;114.0;24.912280701754387;23.0;6.019793963235204;23.0;33.0;2.0;36.23791935980301;0.0;0.9298245614035088;0.07017543859649122;0.0;0.0
102448905;2.9.1998;2;9;1998;27;303.0;160.0;28.3625;25.0;12.779616338137856;17.0;80.0;15.0;163.31859375000002;0.14375;0.61875;0.2125;0.0125;0.0125
419001840;19.3.2005;19;3;2005;20;243.0;112.0;26.375;22.0;9.929326153226253;20.0;53.0;8.25;98.59151785714286;0.008928571428571428;0.8482142857142857;0.125;0.008928571428571428;0.017857142857142856
244647298;6.1.1998;6;1;1998;27;418.0;190.0;34.52105263157895;30.0;11.477074583587488;27.0;60.0;11.0;131.7232409972299;0.0;0.6947368421052632;0.21578947368421053;0.05789473684210526;0.03684210526315789
234122691;8.3.2004;8;3;2004;21;423.0;227.0;31.643171806167402;29.0;12.173144580201232;21.0;64.0;18.0;148.18544897048264;0.05286343612334802;0.5770925110132159;0.31718061674008813;0.04405286343612335;0.00881057268722467
344868627;15.4.1998;15;4;1998;27;140.0;63.0;30.650793650793652;29.0;5.4631775455249425;27.0;27.0;5.0;29.846308893927937;0.0;0.8412698412698413;0.15873015873015872;0.0;0.0
223952845;15.12.1997;15;12;1997;28;207.0;74.0;31.594594594594593;28.0;8.36000601144055;27.0;48.0;6.75;69.88970051132213;0.0;0.7837837837837838;0.1891891891891892;0.013513513513513514;0.013513513513513514
91558074;6.8.1997;6;8;1997;28;315.0;117.0;34.46153846153846;31.0;10.345764616324109;28.0;63.0;11.0;107.03484549638395;0.008547008547008548;0.6666666666666666;0.23931623931623933;0.07692307692307693;0.017094017094017096
209975646;12.9.2000;12;9;2000;25;294.0;94.0;32.659574468085104;26.0;12.775935816570753;25.0;57.0;13.75;163.22453598913538;0.0;0.7127659574468085;0.20212765957446807;0.06382978723404255;0.02127659574468085
136330128;15.7.2000;15;7;2000;25;247.0;82.0;30.28048780487805;25.0;9.76463803013749;25.0;46.0;9.0;95.34815585960737;0.012195121951219513;0.7560975609756098;0.1951219512195122;0.036585365853658534;0.0
357827814;12.2.2002;12;2;2002;23;68.0;27.0;30.444444444444443;25.0;12.833213082649698;23.0;52.0;8.5;164.69135802469137;0.0;0.8148148148148148;0.1111111111111111;0.0;0.07407407407407407
51159885;1.9.1996;1;9;1996;29;67.0;29.0;33.689655172413794;29.0;11.444328359726134;29.0;43.0;10.0;130.97265160523185;0.034482758620689655;0.6551724137931034;0.27586206896551724;0.034482758620689655;0.0
162187035;16.2.2001;16;2;2001;24;223.0;104.0;30.509615384615383;25.0;10.470650549464159;24.0;50.0;12.25;109.63452292899409;0.009615384615384616;0.7115384615384616;0.25;0.028846153846153848;0.009615384615384616
242075783;13.3.2002;13;3;2002;23;526.0;235.0;26.974468085106384;24.0;8.494265101271775;23.0;68.0;6.5;72.15253961068359;0.01702127659574468;0.8723404255319149;0.10212765957446808;0.0;0.00851063829787234
74396244;26.3.1999;26;3;1999;26;111.0;39.0;33.12820512820513;28.0;11.914609620942725;26.0;60.0;9.5;141.95792241946094;0.0;0.7435897435897436;0.1794871794871795;0.05128205128205128;0.02564102564102564
155937474;14.3.2001;14;3;2001;24;121.0;43.0;27.348837209302324;24.0;7.970537961273621;24.0;34.0;4.0;63.529475392103855;0.0;0.8604651162790697;0.13953488372093023;0.0;0.0
296728139;12.12.1999;12;12;1999;26;127.0;67.0;30.686567164179106;27.0;12.753938759743203;25.0;57.0;14.5;162.66295388728;0.11940298507462686;0.6119402985074627;0.19402985074626866;0.04477611940298507;0.029850746268656716
147777866;25.9.1999;25;9;1999;26;101.0;41.0;29.829268292682926;27.0;7.125708998611793;26.0;32.0;9.0;50.77572873289708;0.0;0.8292682926829268;0.17073170731707318;0.0;0.0
199323881;19.6.1998;19;6;1998;27;91.0;37.0;31.054054054054053;27.0;9.784007762107;27.0;46.0;11.0;95.72680788897004;0.02702702702702703;0.7027027027027027;0.21621621621621623;0.05405405405405406;0.0
168640008;15.5.2000;15;5;2000;25;158.0;60.0;32.11666666666667;26.0;14.961162685061907;25.0;60.0;9.5;223.83638888888885;0.016666666666666666;0.75;0.15;0.0;0.08333333333333333
341248861;21.9.2002;21;9;2002;23;181.0;78.0;25.73076923076923;23.0;11.123632819389163;23.0;56.0;6.0;123.73520710059172;0.11538461538461539;0.7564102564102564;0.08974358974358974;0.02564102564102564;0.01282051282051282
77176907;4.10.1998;4;10;1998;27;79.0;33.0;34.333333333333336;30.0;10.911952486640834;27.0;46.0;14.0;119.07070707070706;0.0;0.5757575757575758;0.36363636363636365;0.030303030303030304;0.030303030303030304
57900645;31.3.1998;31;3;1998;27;128.0;57.0;33.35087719298246;28.0;10.294763151881615;27.0;52.0;13.0;105.98214835333948;0.0;0.7017543859649122;0.2807017543859649;0.0;0.017543859649122806
206858198;6.7.2002;6;7;2002;23;396.0;169.0;23.928994082840237;22.0;9.1584177107436;23.0;53.0;6.0;83.87661496446204;0.14201183431952663;0.7692307692307693;0.07100591715976332;0.011834319526627219;0.011834319526627219
20374323;22.3.1997;22;3;1997;28;174.0;71.0;36.80281690140845;36.0;8.47634607418148;29.0;35.0;13.0;71.8484427692918;0.0;0.49295774647887325;0.4647887323943662;0.04225352112676056;0.0
145395633;6.2.2001;6;2;2001;24;56.0;22.0;31.227272727272727;26.5;13.409399071959728;24.0;49.0;11.5;179.8119834710744;0.13636363636363635;0.6363636363636364;0.13636363636363635;0.09090909090909091;0.0
146084706;17.1.2000;17;1;2000;25;128.0;42.0;26.69047619047619;25.0;6.645758028490251;25.0;33.0;1.0;44.16609977324263;0.047619047619047616;0.8571428571428571;0.09523809523809523;0.0;0.0
64683740;9.11.1999;9;11;1999;26;725.0;306.0;30.519607843137255;27.0;11.204921647528765;26.0;77.0;9.75;125.55026912725874;0.029411764705882353;0.7450980392156863;0.1830065359477124;0.032679738562091505;0.013071895424836602
47382182;6.1.1997;6;1;1997;28;59.0;20.0;37.4;33.5;11.416654501210063;29.0;53.0;15.25;130.34;0.05;0.5;0.4;0.0;0.05
140756877;12.7.1997;12;7;1997;28;497.0;260.0;34.1;31.0;14.625767566971552;17.0;72.0;22.0;213.91307692307694;0.12307692307692308;0.47692307692307695;0.2846153846153846;0.08846153846153847;0.03076923076923077
135123308;20.4.1998;20;4;1998;27;133.0;50.0;31.68;27.0;9.336894558684916;27.0;43.0;5.5;87.1776;0.0;0.76;0.2;0.04;0.02
47359825;1.9.1996;1;9;1996;29;159.0;62.0;34.33870967741935;30.0;11.322178561006963;25.0;66.0;8.75;128.1917273673257;0.0;0.6935483870967742;0.25806451612903225;0.03225806451612903;0.016129032258064516
134147810;8.12.1996;8;12;1996;29;135.0;52.0;34.36538461538461;32.0;9.348033207689786;33.0;45.0;11.25;87.38572485207101;0.0;0.6923076923076923;0.28846153846153844;0.019230769230769232;0.019230769230769232
202542899;13.5.1998;13;5;1998;27;115.0;50.0;35.16;33.5;11.553977670049393;27.0;52.0;11.0;133.4944;0.04;0.6;0.28;0.04;0.04
124734404;17.9.1999;17;9;1999;26;99.0;48.0;30.9375;29.0;10.728478942360221;29.0;50.0;13.75;115.10026041666667;0.10416666666666667;0.625;0.25;0.020833333333333332;0.020833333333333332
335840914;19.3.2003;19;3;2003;22;94.0;46.0;25.065217391304348;23.0;7.645408323366508;23.0;37.0;1.0;58.45226843100189;0.021739130434782608;0.8478260869565217;0.13043478260869565;0.0;0.0
71757127;30.11.1996;30;11;1996;29;55.0;30.0;33.666666666666664;30.0;9.83982836345341;28.0;41.0;9.75;96.82222222222222;0.06666666666666667;0.6333333333333333;0.26666666666666666;0.03333333333333333;0.0
151622309;16.11.2001;16;11;2001;24;50.0;20.0;28.45;26.0;8.077592463104338;24.0;34.0;4.25;65.2475;0.0;0.85;0.15;0.0;0.0
44152254;29.5.1996;29;5;1996;29;301.0;123.0;33.5609756097561;31.0;9.17148846557645;29.0;56.0;7.0;84.11620067420186;0.008130081300813009;0.7317073170731707;0.23577235772357724;0.0;0.024390243902439025
152458020;28.11.1996;28;11;1996;29;364.0;148.0;35.236486486486484;34.0;7.298057392846184;28.0;46.0;8.25;53.261641709276844;0.0;0.5743243243243243;0.39864864864864863;0.02702702702702703;0.006756756756756757
150130266;1.4.1998;1;4;1998;27;196.0;79.0;32.75949367088607;28.0;11.763723674089752;27.0;52.0;9.0;138.38519468033968;0.0;0.7721518987341772;0.16455696202531644;0.02531645569620253;0.0379746835443038
72746235;15.11.1996;15;11;1996;29;247.0;90.0;30.833333333333332;30.0;5.542261872797663;29.0;42.0;4.0;30.716666666666665;0.022222222222222223;0.8222222222222222;0.14444444444444443;0.011111111111111112;0.0
163796492;31.1.1999;31;1;1999;26;96.0;29.0;31.482758620689655;29.0;8.576715429721666;27.0;45.0;6.0;73.56004756242571;0.034482758620689655;0.8620689655172413;0.06896551724137931;0.034482758620689655;0.0
112997234;21.6.1996;21;6;1996;29;228.0;92.0;36.119565217391305;33.0;10.207459326292739;29.0;47.0;12.0;104.19222589792061;0.0;0.5652173913043478;0.358695652173913;0.07608695652173914;0.010869565217391304
216903733;16.11.1996;16;11;1996;29;16.0;9.0;29.666666666666668;29.0;3.055050463303893;29.0;11.0;1.0;9.333333333333332;0.0;0.8888888888888888;0.1111111111111111;0.0;0.0
236392086;10.12.2004;10;12;2004;21;127.0;69.0;29.89855072463768;22.0;14.910501043823503;19.0;56.0;23.0;222.32304137786178;0.057971014492753624;0.6811594202898551;0.18840579710144928;0.043478260869565216;0.028985507246376812
27154648;17.3.1998;17;3;1998;27;139.0;46.0;32.93478260869565;27.5;11.775808241277952;27.0;53.0;7.0;138.66965973534974;0.0;0.7608695652173914;0.17391304347826086;0.021739130434782608;0.043478260869565216
41553039;23.12.1997;23;12;1997;28;60.0;21.0;39.857142857142854;36.0;13.795395071184732;28.0;52.0;17.0;190.312925170068;0.0;0.47619047619047616;0.3333333333333333;0.09523809523809523;0.09523809523809523
321574442;5.8.2004;5;8;2004;21;180.0;64.0;25.40625;22.0;8.921040350626154;21.0;38.0;4.0;79.5849609375;0.078125;0.78125;0.140625;0.0;0.0
383921524;20.1.1998;20;1;1998;27;174.0;62.0;33.54838709677419;28.5;10.933342639353754;25.0;53.0;13.0;119.53798126951092;0.016129032258064516;0.6612903225806451;0.27419354838709675;0.03225806451612903;0.016129032258064516
160835975;31.12.1991;31;12;1991;34;473.0;148.0;31.763513513513512;31.0;5.003190180229721;30.0;33.0;6.25;25.03191197954711;0.006756756756756757;0.7905405405405406;0.20270270270270271;0.0;0.0
52809441;31.8.1994;31;8;1994;31;47.0;16.0;32.5;31.0;7.508328708840604;31.0;33.0;4.25;56.375;0.0;0.8125;0.125;0.0625;0.0
32707600;20.1.1986;20;1;1986;39;36.0;15.0;38.46666666666667;37.0;8.762546560345472;35.0;39.0;8.0;76.78222222222225;0.0;0.4;0.5333333333333333;0.06666666666666667;0.0
21343614;28.5.1993;28;5;1993;32;438.0;167.0;36.97005988023952;35.0;7.989832723062614;35.0;72.0;5.5;63.83742694252214;0.0;0.5449101796407185;0.4251497005988024;0.023952095808383235;0.005988023952095809
574234413;2.2.1995;2;2;1995;30;439.0;217.0;33.806451612903224;32.0;9.61178974777813;27.0;71.0;12.0;92.38650215549279;0.0;0.6405529953917051;0.3456221198156682;0.004608294930875576;0.009216589861751152
13458042;25.10.1992;25;10;1992;33;1436.0;474.0;35.641350210970465;35.0;7.376126036594822;33.0;78.0;5.0;54.40723530773203;0.002109704641350211;0.6012658227848101;0.3818565400843882;0.006329113924050633;0.010548523206751054
57754105;11.4.1972;11;4;1972;53;5000.0;1246.0;44.463081861958266;43.0;9.55165906129161;40.0;83.0;12.0;91.23419082315415;0.0056179775280898875;0.1187800963081862;0.7568218298555377;0.09149277688603531;0.03210272873194221
10163490;13.6.1990;13;6;1990;35;802.0;291.0;36.54295532646048;35.0;9.975952711553866;34.0;67.0;9.5;99.51963250315893;0.0;0.5429553264604811;0.4054982817869416;0.027491408934707903;0.024054982817869417
641099221;11.8.1993;11;8;1993;32;1850.0;1020.0;39.582352941176474;40.0;13.748728367328004;20.0;64.0;20.0;189.02753171856978;0.010784313725490196;0.37549019607843137;0.492156862745098;0.08725490196078431;0.041176470588235294
150923881;18.1.1959;18;1;1959;66;142.0;65.0;43.2;41.0;14.732695194441094;30.0;70.0;18.0;217.05230769230772;0.0;0.3384615384615385;0.47692307692307695;0.06153846153846154;0.12307692307692308
33545305;29.3.1994;29;3;1994;31;377.0;142.0;34.605633802816904;31.0;9.86311791579261;30.0;65.0;8.0;97.28109502082918;0.007042253521126761;0.7112676056338029;0.22535211267605634;0.04225352112676056;0.02112676056338028
660029661;7.3.1974;7;3;1974;51;4026.0;1554.0;46.17567567567568;47.0;11.571640224734578;45.0;75.0;14.0;133.9028574906953;0.009009009009009009;0.16087516087516088;0.6454311454311454;0.1364221364221364;0.055984555984555984
561960677;6.4.1980;6;4;1980;45;8.0;5.0;46.8;50.0;12.023310692151309;30.0;34.0;16.0;144.56;0.0;0.2;0.6;0.2;0.0
462841721;21.4.1988;21;4;1988;37;5000.0;2273.0;43.534535855697314;41.0;9.553552464281633;38.0;83.0;12.0;91.27036468778167;0.0013198416190057193;0.16278046634403873;0.7245930488341399;0.08095028596568411;0.03563572371315442
87903838;17.10.1989;17;10;1989;36;1773.0;732.0;36.381147540983605;36.0;9.059959637244798;37.0;76.0;9.0;82.08286862850488;0.00273224043715847;0.46994535519125685;0.5;0.017759562841530054;0.01092896174863388
384343604;29.5.1986;29;5;1986;39;5000.0;1438.0;43.345618915159946;42.0;9.50160031170672;39.0;64.0;12.0;90.28040848342526;0.002086230876216968;0.18150208623087621;0.7030598052851182;0.0890125173852573;0.034075104311543813
28957637;5.3.1981;5;3;1981;44;5000.0;1650.0;48.6139393939394;48.0;12.330869845547882;50.0;73.0;18.0;152.05035114784206;0.004242424242424243;0.12848484848484848;0.5878787878787879;0.17272727272727273;0.11636363636363636
52139812;14.8.1994;14;8;1994;31;5000.0;1986.0;38.03121852970796;38.0;8.856812867207491;37.0;77.0;9.0;78.44313416473217;0.0030211480362537764;0.365055387713998;0.5991943605236657;0.022658610271903322;0.010574018126888218
273251945;30.4.1967;30;4;1967;58;108.0;47.0;39.234042553191486;37.0;9.92570864817228;27.0;44.0;12.5;98.519692168402;0.0;0.48936170212765956;0.46808510638297873;0.02127659574468085;0.02127659574468085
710379697;23.6.1966;23;6;1966;59;3.0;3.0;37.666666666666664;35.0;15.627610892974722;20.0;38.0;19.0;244.2222222222222;0.0;0.6666666666666666;0.0;0.3333333333333333;0.0
18234488;6.3.1985;6;3;1985;40;524.0;232.0;39.577586206896555;39.0;7.2518141155648985;39.0;65.0;5.0;52.588807966706305;0.0;0.22844827586206898;0.7327586206896551;0.02586206896551724;0.017241379310344827
5736756;23.10.1987;23;10;1987;38;4952.0;2451.0;40.699306405548754;39.0;10.595245941696227;38.0;85.0;11.0;112.25923656503036;0.007751937984496124;0.28845369237046103;0.6193390452876377;0.06201550387596899;0.026111791105671155
314501;18.3.1987;18;3;1987;38;1049.0;404.0;38.25;38.0;7.602069481137331;38.0;80.0;5.0;57.791460396039604;0.0;0.2722772277227723;0.693069306930693;0.022277227722772276;0.012376237623762377
6506792;30.3.1991;30;3;1991;34;3773.0;1167.0;36.58440445586975;36.0;7.192984071072188;36.0;81.0;7.0;51.73901984669823;0.003427592116538132;0.4541559554413025;0.5295629820051414;0.006855184233076264;0.005998286203941731
815989017;20.2.1995;20;2;1995;30;5000.0;3556.0;34.352080989876264;31.0;12.646856056365394;25.0;84.0;16.0;159.94296811042605;0.003937007874015748;0.6327334083239595;0.29471316085489313;0.03824521934758155;0.03374578177727784
270433569;27.4.1995;27;4;1995;30;5000.0;2181.0;39.23016964695094;38.0;10.754576451138773;38.0;77.0;13.0;115.66091464338864;0.0022925263640531865;0.3878954607977992;0.5295735900962861;0.06006419073819349;0.02567629527739569
719285;21.5.1986;21;5;1986;39;1351.0;577.0;37.7105719237435;38.0;5.9324133157729095;39.0;78.0;5.0;35.19352774915973;0.0034662045060658577;0.30849220103986136;0.6793760831889082;0.005199306759098787;0.0034662045060658577
145358610;13.6.1990;13;6;1990;35;548.0;233.0;31.815450643776824;31.0;9.649448910787534;31.0;66.0;12.0;93.11186428189872;0.008583690987124463;0.7296137339055794;0.22317596566523606;0.030042918454935622;0.008583690987124463
27566516;22.1.1980;22;1;1980;45;644.0;220.0;39.38181818181818;39.0;7.016191427602323;37.0;72.0;6.0;49.22694214876033;0.004545454545454545;0.2409090909090909;0.7318181818181818;0.013636363636363636;0.01818181818181818
6814215;2.1.1992;2;1;1992;33;1185.0;490.0;30.983673469387757;30.0;9.043643543751545;31.0;84.0;8.0;81.78748854643898;0.0163265306122449;0.7795918367346939;0.18571428571428572;0.01020408163265306;0.00816326530612245
76947185;14.11.1963;14;11;1963;62;28.0;17.0;43.64705882352941;44.0;10.964869981099737;39.0;51.0;12.0;120.22837370242215;0.0;0.11764705882352941;0.7647058823529411;0.058823529411764705;0.058823529411764705
5487959;15.8.1994;15;8;1994;31;5000.0;1628.0;38.60257985257985;36.5;10.519779812340875;33.0;82.0;12.0;110.6657673001346;0.0018427518427518428;0.45884520884520885;0.4643734643734644;0.057125307125307126;0.022727272727272728
259888921;20.3.1992;20;3;1992;33;57.0;25.0;37.52;34.0;17.5045594060519;37.0;81.0;8.0;306.4096;0.04;0.52;0.32;0.04;0.08
196679387;22.11.1988;22;11;1988;37;74.0;24.0;34.875;36.0;4.927072322045483;36.0;28.0;0.25;24.276041666666668;0.041666666666666664;0.20833333333333334;0.75;0.0;0.0
3889945;6.1.1988;6;1;1988;37;920.0;336.0;34.74107142857143;34.0;8.823074660858788;36.0;52.0;10.25;77.84664647108843;0.0;0.5565476190476191;0.4107142857142857;0.017857142857142856;0.01488095238095238
9562528;8.2.1989;8;2;1989;36;27.0;11.0;36.18181818181818;36.0;4.217241274452073;34.0;17.0;3.5;17.785123966942148;0.0;0.45454545454545453;0.5454545454545454;0.0;0.0
6492;11.11.1987;11;11;1987;38;1532.0;546.0;37.485347985347985;37.0;7.487765697143338;38.0;81.0;8.0;56.06663513531646;0.0018315018315018315;0.37545787545787546;0.6043956043956044;0.01282051282051282;0.005494505494505495
23914087;7.9.1992;7;9;1992;33;145.0;61.0;31.852459016393443;31.0;6.368045394778502;31.0;34.0;4.0;40.552002149959684;0.0;0.8524590163934426;0.14754098360655737;0.0;0.0
963161;21.11.1983;21;11;1983;42;129.0;60.0;38.03333333333333;37.5;7.377819611661851;37.0;41.0;7.5;54.43222222222222;0.016666666666666666;0.3333333333333333;0.6333333333333333;0.016666666666666666;0.0
146336611;14.7.1984;14;7;1984;41;4046.0;2156.0;30.958719851576994;28.0;12.811740290464481;18.0;83.0;19.0;164.1406892703109;0.09554730983302412;0.5528756957328386;0.3070500927643785;0.03385899814471243;0.012987012987012988
250957266;6.4.1992;6;4;1992;33;5000.0;1401.0;35.366880799428976;35.0;7.567324440830209;35.0;83.0;7.0;57.264399192786236;0.0021413276231263384;0.5745895788722342;0.4054246966452534;0.009279086366880799;0.008565310492505354
7338404;11.6.1980;11;6;1980;45;5000.0;1821.0;45.49643053267435;44.0;11.545417485242622;42.0;85.0;14.0;133.29666490854606;0.0027457440966501922;0.16749038989566173;0.6348160351455244;0.13399231191652938;0.07358594179022515
127171584;7.7.1988;7;7;1988;37;5000.0;1469.0;39.016337644656225;38.0;7.041431791350765;38.0;67.0;7.0;49.581761672245236;0.002722940776038121;0.30905377808032675;0.6562287270251872;0.027910142954390742;0.005445881552076242
718490147;24.2.1989;24;2;1989;36;5000.0;2213.0;39.207862629914146;38.0;8.689980601327097;38.0;71.0;10.0;75.51576285144127;0.0063262539539087215;0.3140533212833258;0.6407591504744691;0.03298689561680976;0.0076818798011748755
657529502;20.7.1973;20;7;1973;52;5000.0;2625.0;38.947428571428574;38.0;11.587558930127763;37.0;80.0;13.0;134.27152195918367;0.012571428571428572;0.36952380952380953;0.5268571428571428;0.06933333333333333;0.024761904761904763
797285502;21.12.1976;21;12;1976;49;20.0;11.0;49.45454545454545;50.0;5.662695091780886;50.0;20.0;4.0;32.06611570247934;0.0;0.0;0.9090909090909091;0.09090909090909091;0.0
11446350;14.8.1991;14;8;1991;34;5000.0;1648.0;41.037014563106794;40.0;8.397105015454114;36.0;81.0;9.0;70.51137264056463;0.0006067961165048543;0.2487864077669903;0.6856796116504854;0.05521844660194175;0.010922330097087379
63225689;11.3.1986;11;3;1986;39;439.0;232.0;38.72844827586207;38.0;11.441736259267426;39.0;55.0;12.0;130.91332862663495;0.017241379310344827;0.36637931034482757;0.521551724137931;0.06465517241379311;0.03879310344827586
183042439;16.5.1972;16;5;1972;53;1257.0;466.0;39.547210300429185;39.0;10.419058693714604;38.0;65.0;12.0;108.55678406306987;0.004291845493562232;0.33047210300429186;0.5836909871244635;0.06652360515021459;0.017167381974248927
576276714;29.10.1966;29;10;1966;59;54.0;24.0;42.041666666666664;43.5;13.396141131767095;47.0;46.0;17.5;179.4565972222222;0.0;0.375;0.4166666666666667;0.20833333333333334;0.0
278570;1.6.1989;1;6;1989;36;5000.0;1776.0;38.604729729729726;37.0;8.770295647112746;36.0;82.0;9.0;76.91808573776478;0.0016891891891891893;0.36936936936936937;0.5878378378378378;0.02702702702702703;0.015202702702702704
4637725;31.3.1993;31;3;1993;32;845.0;278.0;34.10071942446043;33.0;7.498004496189269;31.0;69.0;6.0;56.2200714248745;0.0;0.7158273381294964;0.2589928057553957;0.014388489208633094;0.01079136690647482
3471320;19.1.1990;19;1;1990;35;838.0;347.0;34.16138328530259;34.0;6.876632640521734;31.0;45.0;9.0;47.288076472688914;0.0;0.6080691642651297;0.3861671469740634;0.005763688760806916;0.002881844380403458
214373526;6.4.1994;6;4;1994;31;5000.0;1996.0;25.5811623246493;24.0;6.0556806709469395;22.0;69.0;5.0;36.67126838848037;0.00250501002004008;0.9473947895791583;0.04408817635270541;0.003006012024048096;0.0035070140280561123
167693353;27.12.1982;27;12;1982;43;154.0;45.0;42.84444444444444;42.0;11.560383606775448;35.0;53.0;14.0;133.6424691358025;0.022222222222222223;0.24444444444444444;0.6;0.06666666666666667;0.06666666666666667
70917715;26.5.1988;26;5;1988;37;1151.0;409.0;39.75061124694376;39.0;9.567232477534393;38.0;84.0;9.0;91.5319372791889;0.012224938875305624;0.2787286063569682;0.6601466992665037;0.03178484107579462;0.022004889975550123
27938606;23.12.1990;23;12;1990;35;390.0;132.0;34.13636363636363;33.0;6.230147533727513;33.0;44.0;6.0;38.814738292011015;0.0;0.7196969696969697;0.26515151515151514;0.015151515151515152;0.0
29466608;2.2.1965;2;2;1965;60;148.0;75.0;53.17333333333333;52.0;10.81033250593565;52.0;50.0;15.0;116.86328888888893;0.0;0.02666666666666667;0.6133333333333333;0.25333333333333335;0.12
579479998;26.7.1982;26;7;1982;43;5000.0;2813.0;41.26484180590117;40.0;10.942075015105242;39.0;82.0;12.0;119.7290056361904;0.010309278350515464;0.27657305367934587;0.608958407394241;0.0810522573764664;0.02915037326697476
18459895;5.8.1986;5;8;1986;39;5000.0;2277.0;39.46332894158981;38.0;7.26885620415912;37.0;73.0;7.0;52.83627051674254;0.0013175230566534915;0.24989020641194554;0.714975845410628;0.028107158541941152;0.006148440931049627
6492094;18.9.1988;18;9;1988;37;246.0;95.0;31.736842105263158;32.0;5.924455162719123;36.0;26.0;10.5;35.09916897506926;0.0;0.631578947368421;0.3684210526315789;0.0;0.0
648964580;10.7.1981;10;7;1981;44;5000.0;2248.0;32.67571174377224;30.0;12.187820510635632;22.0;84.0;15.0;148.5429687994706;0.00400355871886121;0.6681494661921709;0.2722419928825623;0.035142348754448396;0.022686832740213523
709507615;26.10.1974;26;10;1974;51;230.0;136.0;52.786764705882355;52.0;12.5202236919944;50.0;79.0;15.0;156.75600129757788;0.007352941176470588;0.058823529411764705;0.5735294117647058;0.22058823529411764;0.15441176470588236
419407976;29.11.1964;29;11;1964;61;5000.0;1542.0;45.891699092088196;43.0;11.211760598242718;39.0;78.0;14.0;125.70357571230788;0.0019455252918287938;0.12710765239948119;0.6906614785992218;0.10505836575875487;0.08625162127107652
740301668;21.11.1993;21;11;1993;32;5000.0;3101.0;35.912286359238955;35.0;11.53635284308935;25.0;82.0;16.0;133.08743692025573;0.028700419219606577;0.4804901644630764;0.4376007739438891;0.039342147694292166;0.01580135440180587
21050117;25.3.1956;25;3;1956;69;5000.0;2065.0;45.18401937046005;43.0;13.35385558201053;37.0;79.0;17.0;178.32545890519378;0.006779661016949152;0.2314769975786925;0.553995157384988;0.11331719128329298;0.10460048426150122
219833531;7.2.1981;7;2;1981;44;657.0;212.0;37.35849056603774;37.0;7.728517003934175;38.0;47.0;8.0;59.72997508009967;0.0;0.42452830188679247;0.5471698113207547;0.018867924528301886;0.009433962264150943
59496363;19.2.1995;19;2;1995;30;5000.0;1803.0;31.87853577371048;30.0;9.113032707765418;25.0;84.0;10.0;83.04736513280233;0.0016638935108153079;0.7426511369938991;0.22850804215196893;0.013311148086522463;0.014975041597337771
867117613;20.12.1975;20;12;1975;50;162.0;85.0;46.694117647058825;46.0;11.100634353269307;42.0;55.0;13.0;123.22408304498268;0.0;0.10588235294117647;0.7058823529411765;0.11764705882352941;0.08235294117647059
111228080;14.7.1981;14;7;1981;44;5000.0;1900.0;46.03052631578947;45.0;9.808809935694066;37.0;81.0;12.0;96.21275235457063;0.0;0.09526315789473684;0.7547368421052632;0.11;0.04789473684210526
185582114;25.2.1995;25;2;1995;30;2128.0;1121.0;30.789473684210527;29.0;10.516047623405314;23.0;83.0;13.0;110.58725761772854;0.009812667261373774;0.7181088314005353;0.24353256021409456;0.014272970561998216;0.016057091882247992
327815124;14.4.1970;14;4;1970;55;48.0;27.0;47.44444444444444;50.0;11.618418753039832;50.0;49.0;12.0;134.98765432098764;0.0;0.14814814814814814;0.6296296296296297;0.18518518518518517;0.037037037037037035
8944169;22.7.1992;22;7;1992;33;1707.0;597.0;34.61641541038526;33.0;8.883308188403;33.0;73.0;9.0;78.91316437014778;0.0;0.6063651591289783;0.37018425460636517;0.011725293132328308;0.01340033500837521
9856070;18.1.1987;18;1;1987;38;2020.0;756.0;33.804232804232804;34.0;8.309412210843648;34.0;80.0;9.0;69.04633128971753;0.003968253968253968;0.6164021164021164;0.36507936507936506;0.009259259259259259;0.005291005291005291
4314570;27.6.1989;27;6;1989;36;77.0;26.0;37.15384615384615;36.0;5.593212285318612;36.0;30.0;3.0;31.284023668639048;0.0;0.3076923076923077;0.6538461538461539;0.038461538461538464;0.0
8343475;15.7.1957;15;7;1957;68;5000.0;1568.0;60.27104591836735;64.0;12.753095999776844;68.0;71.0;16.25;162.64145757952417;0.0012755102040816326;0.042091836734693876;0.25892857142857145;0.27232142857142855;0.47066326530612246
171722707;13.5.1987;13;5;1987;38;3326.0;1442.0;33.61997226074896;28.0;16.696602110966623;17.0;81.0;26.0;278.7765220519351;0.17128987517337033;0.4389736477115118;0.24965325936199723;0.09084604715672677;0.054785020804438284
578083863;9.6.1990;9;6;1990;35;5000.0;3288.0;44.507603406326034;43.0;12.77519229973734;37.0;84.0;17.0;163.2055382952682;0.013077858880778588;0.20742092457420924;0.573905109489051;0.14750608272506083;0.07360097323600973
12489273;11.2.1986;11;2;1986;39;5000.0;1457.0;54.04186684969115;55.0;10.798854959832209;54.0;80.0;17.0;116.6152684434927;0.002745367192862045;0.026767330130404943;0.4969114619080302;0.3266986959505834;0.18050789293067948
178495218;18.3.1976;18;3;1976;49;5.0;4.0;37.25;37.5;2.7726341266023544;40.0;6.0;5.25;7.6875;0.0;0.5;0.5;0.0;0.0
53083705;14.9.1965;14;9;1965;60;11.0;8.0;46.875;46.5;7.833222516946649;35.0;25.0;11.25;61.359375;0.0;0.125;0.75;0.125;0.0
23502965;4.6.1987;4;6;1987;38;5000.0;1813.0;37.94870380584666;37.0;7.998146139790043;38.0;73.0;8.0;63.97034167343836;0.0011031439602868175;0.3877551020408163;0.5780474351902923;0.024269167126309985;0.010479867622724766
78068882;19.12.1988;19;12;1988;37;5000.0;2091.0;38.94308943089431;38.0;9.325154260440017;37.0;83.0;9.0;86.9585019810026;0.0052606408417025345;0.3472022955523673;0.6064084170253468;0.027259684361549498;0.016260162601626018
56133937;26.11.1981;26;11;1981;44;75.0;25.0;34.68;33.0;8.117733673877211;30.0;39.0;8.0;65.8976;0.0;0.68;0.28;0.0;0.04
454339300;12.1.1974;12;1;1974;51;87.0;47.0;41.297872340425535;43.0;8.913090763726487;38.0;36.0;10.0;79.44318696242642;0.0;0.23404255319148937;0.7021276595744681;0.06382978723404255;0.0
68522632;22.6.1994;22;6;1994;31;2532.0;1278.0;27.386541471048513;25.0;9.430042580076279;21.0;85.0;10.0;88.92570306205167;0.03755868544600939;0.8075117370892019;0.13693270735524257;0.011737089201877934;0.006259780907668232
689120566;23.5.1977;23;5;1977;48;5000.0;2170.0;42.369124423963136;41.0;11.444825191208896;36.0;81.0;14.0;130.98402365732974;0.009216589861751152;0.2423963133640553;0.6258064516129033;0.0847926267281106;0.04516129032258064
180881822;18.7.1966;18;7;1966;59;420.0;187.0;49.98930481283423;50.0;13.763467611513656;62.0;74.0;20.5;189.4330406931854;0.0106951871657754;0.13368983957219252;0.47593582887700536;0.26737967914438504;0.11229946524064172
401388688;16.11.1975;16;11;1975;50;5000.0;1866.0;39.22936763129689;38.0;7.833196413496486;38.0;74.0;7.0;61.35896605241422;0.0026795284030010718;0.2717041800643087;0.6886387995712755;0.024115755627009645;0.016613076098606645
14462843;20.7.1982;20;7;1982;43;5000.0;1899.0;39.73775671406003;39.0;8.91713070631424;38.0;83.0;9.0;79.5152200334923;0.00737230121116377;0.2838335966298052;0.6671932596103213;0.028962611901000527;0.01474460242232754
22891006;4.2.1989;4;2;1989;36;3845.0;1816.0;45.61398678414097;44.0;13.26509622800194;36.0;77.0;18.0;175.9627779381513;0.006057268722466961;0.22246696035242292;0.5401982378854625;0.14262114537444934;0.098568281938326
774598322;5.10.1973;5;10;1973;52;9.0;8.0;46.125;47.0;7.817248556877285;37.0;21.0;13.0;61.109375;0.0;0.0;0.75;0.25;0.0
619271508;29.7.1981;29;7;1981;44;5000.0;1942.0;40.51390319258496;39.0;9.999668496405375;39.0;75.0;11.0;99.99337003800215;0.004119464469618949;0.30895983522142123;0.6081359423274975;0.05303810504634397;0.02832131822863028
696113347;12.4.1984;12;4;1984;41;1376.0;558.0;48.05017921146953;47.0;13.161431855932287;41.0;72.0;16.0;173.2232884983492;0.007168458781362007;0.14874551971326164;0.5663082437275986;0.17025089605734767;0.12186379928315412
8282458;6.2.1973;6;2;1973;52;216.0;78.0;46.11538461538461;44.5;10.649402016714811;44.0;80.0;11.75;113.40976331360947;0.0;0.11538461538461539;0.7435897435897436;0.10256410256410256;0.038461538461538464
225693587;15.1.1982;15;1;1982;43;58.0;32.0;44.0;44.0;9.216154295583381;44.0;44.0;11.75;84.9375;0.0;0.15625;0.78125;0.03125;0.03125
7098523;29.5.1984;29;5;1984;41;5000.0;2249.0;39.82214317474433;39.0;7.569240404285275;37.0;84.0;7.0;57.293400297864714;0.0022232103156958646;0.23121387283236994;0.7292129835482437;0.03201422854602046;0.006224988883948421
5769815;29.1.1986;29;1;1986;39;93.0;36.0;41.111111111111114;40.0;8.369182150995593;40.0;37.0;11.25;70.04320987654322;0.0;0.2777777777777778;0.6666666666666666;0.05555555555555555;0.0
511266122;17.3.1962;17;3;1962;63;2.0;2.0;52.5;52.5;9.5;43.0;19.0;9.5;90.25;0.0;0.0;0.5;0.5;0.0
12086666;14.2.1953;14;2;1953;72;3755.0;1610.0;48.74596273291925;46.0;14.67886253902546;38.0;83.0;23.0;215.46900543960496;0.0018633540372670807;0.18881987577639753;0.4956521739130435;0.15093167701863355;0.1826086956521739
253425094;30.11.1984;30;11;1984;41;5000.0;2276.0;39.858084358523726;39.0;6.911159859312183;37.0;84.0;7.0;47.764130600967995;0.0030755711775043936;0.20035149384885764;0.7693321616871704;0.021528998242530756;0.006151142355008787
17510234;5.7.1990;5;7;1990;35;5000.0;1868.0;40.7441113490364;38.0;11.32840712263686;35.0;78.0;11.0;128.33280793620952;0.0016059957173447537;0.37687366167023556;0.5117773019271948;0.06370449678800856;0.04978586723768737
8896504;17.4.1993;17;4;1993;32;972.0;422.0;33.812796208530806;33.0;9.175256611527494;33.0;72.0;10.0;84.185333887379;0.002369668246445498;0.6303317535545023;0.35071090047393366;0.0071090047393364926;0.009478672985781991
20386334;12.8.1992;12;8;1992;33;5000.0;1835.0;37.99400544959128;37.0;9.33345142827684;35.0;82.0;10.0;87.11331556400299;0.004359673024523161;0.43433242506811987;0.508991825613079;0.03923705722070845;0.016893732970027248
5400263;17.1.1991;17;1;1991;34;402.0;148.0;38.770270270270274;37.0;10.442956112106687;35.0;61.0;9.0;109.05533235938643;0.006756756756756757;0.3783783783783784;0.5337837837837838;0.05405405405405406;0.02702702702702703
11827554;25.4.1990;25;4;1990;35;5000.0;1788.0;43.866331096196866;41.5;10.92825528145455;38.0;74.0;14.0;119.42676349663928;0.0022371364653243847;0.2063758389261745;0.6387024608501118;0.10011185682326622;0.06040268456375839
532632737;22.1.1972;22;1;1972;53;2283.0;1084.0;38.23431734317343;36.0;12.684377590803697;35.0;78.0;16.0;160.893434866083;0.008302583025830259;0.4547970479704797;0.42435424354243545;0.08763837638376384;0.02952029520295203
792038791;8.3.1991;8;3;1991;34;5000.0;3302.0;38.96910963052695;39.0;12.716458347193834;39.0;84.0;15.0;161.70831289591575;0.04512416717141127;0.32404603270745;0.5299818291944276;0.07964869775893398;0.02695336159903089
32331009;23.12.1981;23;12;1981;44;90.0;33.0;44.36363636363637;42.0;14.499358777500394;42.0;52.0;25.0;210.2314049586777;0.030303030303030304;0.2727272727272727;0.42424242424242425;0.12121212121212122;0.15151515151515152
32252222;16.7.1971;16;7;1971;54;571.0;204.0;42.8921568627451;43.0;13.867656588966707;48.0;76.0;19.25;192.3118992695117;0.004901960784313725;0.28921568627450983;0.5490196078431373;0.10784313725490197;0.058823529411764705
585626025;20.9.1972;20;9;1972;53;59.0;44.0;56.02272727272727;54.0;10.276824404197571;54.0;39.0;17.25;105.61311983471074;0.0;0.0;0.5909090909090909;0.18181818181818182;0.29545454545454547
63230244;10.9.1986;10;9;1986;39;208.0;97.0;40.2680412371134;40.0;7.9242749369674215;42.0;64.0;8.0;62.79413327665004;0.0;0.26804123711340205;0.6907216494845361;0.020618556701030927;0.030927835051546393
395546937;18.11.1973;18;11;1973;52;91.0;56.0;48.642857142857146;47.0;9.309036645394954;40.0;54.0;13.25;86.65816326530613;0.017857142857142856;0.0;0.7321428571428571;0.19642857142857142;0.07142857142857142
5794320;8.9.1987;8;9;1987;38;5000.0;1842.0;40.25244299674267;39.0;10.537241077005755;37.0;84.0;12.0;111.03344951493739;0.002171552660152009;0.3268186753528773;0.5901194353963084;0.061346362649294245;0.02225841476655809
18216993;6.10.1992;6;10;1992;33;15.0;7.0;32.714285714285715;34.0;5.3908463611752016;37.0;16.0;6.5;29.061224489795915;0.0;0.5714285714285714;0.42857142857142855;0.0;0.0
504722293;14.10.1975;14;10;1975;50;186.0;117.0;49.78632478632478;50.0;11.988476703580467;43.0;59.0;15.0;143.7235736722916;0.0;0.1282051282051282;0.5982905982905983;0.15384615384615385;0.13675213675213677
63088296;1.10.1979;1;10;1979;46;5000.0;1545.0;40.1631067961165;39.0;8.074928119446367;36.0;73.0;9.0;65.20446413422566;0.001941747572815534;0.2504854368932039;0.7048543689320388;0.02977346278317152;0.016181229773462782
1745601;25.1.1985;25;1;1985;40;5000.0;1625.0;39.25476923076923;39.0;6.56435716172921;38.0;70.0;7.0;43.090784946745565;0.0006153846153846154;0.26276923076923075;0.7181538461538461;0.015384615384615385;0.0036923076923076922
526426286;27.10.1984;27;10;1984;41;5000.0;1832.0;39.051310043668124;38.0;7.077286106491002;38.0;83.0;7.0;50.08797863313056;0.001091703056768559;0.2827510917030568;0.6888646288209607;0.02019650655021834;0.008187772925764192
7682257;5.2.1987;5;2;1987;38;3475.0;1241.0;38.94439967767929;38.0;9.99988571964353;38.0;83.0;9.0;99.9977144059306;0.014504431909750202;0.3174858984689766;0.6059629331184528;0.0499597099113618;0.015310233682514102
421889602;16.3.1976;16;3;1976;49;5000.0;1387.0;41.14059120403749;40.0;9.088271148546994;37.0;78.0;9.0;82.59667246951169;0.005767844268204758;0.21701514059120403;0.7015140591204038;0.05912040374909877;0.018745493871665464
664704998;28.7.1986;28;7;1986;39;125.0;38.0;36.81578947368421;37.0;6.202101779396599;38.0;37.0;4.75;38.46606648199446;0.0;0.3684210526315789;0.6052631578947368;0.02631578947368421;0.0
533710525;19.10.1960;19;10;1960;65;50.0;31.0;48.806451612903224;49.0;8.689702303222269;43.0;39.0;13.5;75.51092611862641;0.0;0.06451612903225806;0.6451612903225806;0.25806451612903225;0.03225806451612903
708183686;12.9.1965;12;9;1965;60;20.0;17.0;48.294117647058826;49.0;11.503271687462265;40.0;44.0;18.0;132.32525951557093;0.0;0.11764705882352941;0.5294117647058824;0.29411764705882354;0.058823529411764705
199462567;1.1.1983;1;1;1983;42;4960.0;2157.0;38.04404265183125;38.0;11.038702428148301;42.0;81.0;10.0;121.85295129720721;0.0296708391284191;0.339823829392675;0.569772832637923;0.039870190078813164;0.025498377375985166
279938622;5.10.1976;5;10;1976;49;18.0;15.0;43.0;45.0;12.659647177811342;37.0;41.0;19.5;160.26666666666668;0.0;0.26666666666666666;0.5333333333333333;0.2;0.0
418932866;5.5.1986;5;5;1986;39;5000.0;2062.0;42.47963142580019;41.0;11.255963922360271;38.0;81.0;14.0;126.69672382147603;0.004849660523763337;0.24830261881668284;0.6178467507274491;0.08826382153249272;0.0475266731328807
432199374;18.7.1975;18;7;1975;50;579.0;274.0;45.565693430656935;45.0;12.638043239675715;38.0;76.0;16.0;159.72013692791307;0.0036496350364963502;0.20802919708029197;0.583941605839416;0.1386861313868613;0.07664233576642336
863564338;2.8.1976;2;8;1976;49;5000.0;2190.0;39.61461187214612;38.0;11.15115597791894;37.0;77.0;14.0;124.3482796438773;0.0036529680365296802;0.36575342465753424;0.539269406392694;0.07031963470319634;0.024657534246575342
79022155;1.1.1993;1;1;1993;32;631.0;218.0;33.24770642201835;33.0;7.318640224761705;33.0;67.0;6.0;53.56249473950005;0.0;0.7614678899082569;0.22477064220183487;0.009174311926605505;0.009174311926605505
522977707;23.2.1961;23;2;1961;64;8.0;5.0;54.8;54.0;4.166533331199932;49.0;11.0;7.0;17.360000000000003;0.0;0.0;0.6;0.4;0.0
12461158;30.1.1988;30;1;1988;37;1605.0;668.0;31.850299401197606;33.0;9.460050728753966;36.0;84.0;13.0;89.49255979059845;0.010479041916167664;0.624251497005988;0.3562874251497006;0.004491017964071856;0.004491017964071856
204341345;20.9.1983;20;9;1983;42;3553.0;916.0;38.96943231441048;38.0;8.501165095131155;36.0;83.0;9.0;72.26980797467631;0.004366812227074236;0.34170305676855894;0.618995633187773;0.025109170305676855;0.009825327510917031
275617275;26.2.1980;26;2;1980;45;47.0;38.0;50.31578947368421;50.5;10.193148532632605;52.0;43.0;15.25;103.90027700831025;0.0;0.07894736842105263;0.6052631578947368;0.2631578947368421;0.07894736842105263
363476460;10.12.1969;10;12;1969;56;5000.0;1546.0;42.551099611901684;41.0;10.330078387380738;38.0;82.0;10.0;106.71051948943064;0.00646830530401035;0.19210866752910738;0.6953428201811126;0.07826649417852523;0.03363518758085381
221485157;6.10.1982;6;10;1982;43;453.0;213.0;38.610328638497656;36.0;12.668518015864674;34.0;78.0;12.0;160.4913487182878;0.004694835680751174;0.460093896713615;0.460093896713615;0.03755868544600939;0.03755868544600939
476161;10.1.1992;10;1;1992;33;695.0;270.0;39.114814814814814;37.0;9.484771564585682;35.0;77.0;8.75;89.96089163237313;0.0;0.37777777777777777;0.5444444444444444;0.07037037037037037;0.014814814814814815
23438791;29.1.1975;29;1;1975;50;543.0;194.0;42.83505154639175;42.0;9.069809909886022;40.0;57.0;12.0;82.26145180146668;0.005154639175257732;0.20103092783505155;0.7164948453608248;0.061855670103092786;0.015463917525773196
585987238;20.5.1989;20;5;1989;36;2870.0;1415.0;39.36537102473498;38.0;10.317096284601249;38.0;65.0;12.0;106.44247574573288;0.0077738515901060075;0.3618374558303887;0.550530035335689;0.0607773851590106;0.023321554770318022
28775567;20.12.1993;20;12;1993;32;366.0;160.0;37.7375;35.0;11.838753893463618;32.0;61.0;13.25;140.15609375;0.00625;0.5;0.38125;0.075;0.0375
199963793;27.12.1993;27;12;1993;32;185.0;118.0;39.355932203389834;36.0;12.222877566080895;35.0;69.0;13.0;149.39873599540363;0.00847457627118644;0.423728813559322;0.4745762711864407;0.059322033898305086;0.0423728813559322
44410390;22.4.1994;22;4;1994;31;91.0;43.0;32.604651162790695;32.0;8.70482233334241;34.0;50.0;7.5;75.77393185505679;0.023255813953488372;0.7209302325581395;0.23255813953488372;0.0;0.023255813953488372
572534614;27.7.1963;27;7;1963;62;5000.0;1595.0;38.29278996865204;37.0;8.706869232961948;38.0;79.0;8.0;75.80957183989939;0.003761755485893417;0.3630094043887147;0.5905956112852665;0.03134796238244514;0.013793103448275862
1165766;18.1.1988;18;1;1988;37;3373.0;1460.0;41.08835616438356;39.0;12.389832388409173;37.0;84.0;14.0;153.50794661287298;0.0027397260273972603;0.33287671232876714;0.5280821917808219;0.08767123287671233;0.056164383561643834
58560;10.6.1988;10;6;1988;37;5000.0;2027.0;42.2915638875185;41.0;10.640065528285735;38.0;82.0;12.0;113.2109944462144;0.001973359644795264;0.2121361618154909;0.6882091761223483;0.07252096694622595;0.03256043413912185
360104045;24.12.1967;24;12;1967;58;5000.0;1321.0;43.08629825889478;41.0;11.82928537270241;38.0;83.0;13.0;139.9319924288312;0.010598031794095382;0.21120363361090083;0.6267978803936411;0.11809235427706283;0.0408781226343679
153888275;11.4.2000;11;4;2000;25;137.0;59.0;28.966101694915253;25.0;10.055719515415543;25.0;56.0;2.5;101.11749497270901;0.01694915254237288;0.7966101694915254;0.15254237288135594;0.0;0.03389830508474576
163796492;31.1.1999;31;1;1999;26;96.0;29.0;31.482758620689655;29.0;8.576715429721666;27.0;45.0;6.0;73.56004756242571;0.034482758620689655;0.8620689655172413;0.06896551724137931;0.034482758620689655;0.0
112997234;21.6.1996;21;6;1996;29;228.0;92.0;36.119565217391305;33.0;10.207459326292739;29.0;47.0;12.0;104.19222589792061;0.0;0.5652173913043478;0.358695652173913;0.07608695652173914;0.010869565217391304
216903733;16.11.1996;16;11;1996;29;16.0;9.0;29.666666666666668;29.0;3.055050463303893;29.0;11.0;1.0;9.333333333333332;0.0;0.8888888888888888;0.1111111111111111;0.0;0.0
236392086;10.12.2004;10;12;2004;21;127.0;69.0;29.89855072463768;22.0;14.910501043823503;19.0;56.0;23.0;222.32304137786178;0.057971014492753624;0.6811594202898551;0.18840579710144928;0.043478260869565216;0.028985507246376812
27154648;17.3.1998;17;3;1998;27;139.0;46.0;32.93478260869565;27.5;11.775808241277952;27.0;53.0;7.0;138.66965973534974;0.0;0.7608695652173914;0.17391304347826086;0.021739130434782608;0.043478260869565216
41553039;23.12.1997;23;12;1997;28;60.0;21.0;39.857142857142854;36.0;13.795395071184732;28.0;52.0;17.0;190.312925170068;0.0;0.47619047619047616;0.3333333333333333;0.09523809523809523;0.09523809523809523
321574442;5.8.2004;5;8;2004;21;180.0;64.0;25.40625;22.0;8.921040350626154;21.0;38.0;4.0;79.5849609375;0.078125;0.78125;0.140625;0.0;0.0
383921524;20.1.1998;20;1;1998;27;174.0;62.0;33.54838709677419;28.5;10.933342639353754;25.0;53.0;13.0;119.53798126951092;0.016129032258064516;0.6612903225806451;0.27419354838709675;0.03225806451612903;0.016129032258064516
71411022;9.11.1999;9;11;1999;26;247.0;96.0;28.40625;26.0;7.7157551544982725;25.0;37.0;3.25;59.532877604166664;0.0;0.8958333333333334;0.09375;0.010416666666666666;0.0
69080479;6.10.1997;6;10;1997;28;128.0;46.0;39.26086956521739;33.0;13.371668268669195;28.0;60.0;21.0;178.80151228733462;0.0;0.5434782608695652;0.30434782608695654;0.13043478260869565;0.021739130434782608
103674537;23.6.2000;23;6;2000;25;1366.0;427.0;30.653395784543324;28.0;8.483722197998704;25.0;67.0;9.0;71.97354233281595;0.00468384074941452;0.7822014051522248;0.1920374707259953;0.01405152224824356;0.00702576112412178
234122691;8.3.2004;8;3;2004;21;423.0;227.0;31.643171806167402;29.0;12.173144580201232;21.0;64.0;18.0;148.18544897048264;0.05286343612334802;0.5770925110132159;0.31718061674008813;0.04405286343612335;0.00881057268722467
199473270;1.6.2000;1;6;2000;25;87.0;37.0;27.243243243243242;25.0;7.205123572680033;25.0;44.0;2.0;51.913805697589474;0.0;0.918918918918919;0.05405405405405406;0.02702702702702703;0.0
152894364;6.5.1999;6;5;1999;26;164.0;80.0;31.1625;27.5;9.58833112434067;26.0;60.0;9.0;91.93609375;0.0125;0.775;0.1875;0.0125;0.0125
166899514;17.10.2002;17;10;2002;23;155.0;60.0;27.85;23.0;9.634702901491048;22.0;39.0;10.25;92.82750000000001;0.016666666666666666;0.7666666666666667;0.21666666666666667;0.0;0.0
242075783;13.3.2002;13;3;2002;23;526.0;235.0;26.974468085106384;24.0;8.494265101271775;23.0;68.0;6.5;72.15253961068359;0.01702127659574468;0.8723404255319149;0.10212765957446808;0.0;0.00851063829787234
462722159;26.2.2003;26;2;2003;22;124.0;53.0;27.433962264150942;22.0;12.573571315311236;19.0;46.0;11.0;158.0946956212175;0.0;0.7924528301886793;0.1509433962264151;0.05660377358490566;0.0
66158161;9.8.1998;9;8;1998;27;431.0;188.0;31.664893617021278;30.0;9.180775559956777;27.0;49.0;11.0;84.28663988229967;0.026595744680851064;0.6914893617021277;0.2553191489361702;0.026595744680851064;0.005319148936170213
135123308;20.4.1998;20;4;1998;27;133.0;50.0;31.68;27.0;9.336894558684916;27.0;43.0;5.5;87.1776;0.0;0.76;0.2;0.04;0.02
